program_id,school_name,major_name,school_tier,province,major_group,cutoff_2021,cutoff_2022,cutoff_2023,cutoff_2024,tuition_2024,employment_rate,ai_exposure,leverage_score,data_passport
HUST_IT1,Đại học Bách Khoa Hà Nội,Khoa học Máy tính (IT1),1,Hà Nội,cntt,28.43,28.29,29.42,28.53,30000000,0.98,0.2,9.5,https://ts.hust.edu.vn/diem-chuan (2024)
HUST_IT2,Đại học Bách Khoa Hà Nội,Kỹ thuật Máy tính (IT2),1,Hà Nội,cntt,28.1,27.9,28.29,28.22,30000000,0.97,0.3,9.3,https://ts.hust.edu.vn/diem-chuan (2024)
HUST_EE2,Đại học Bách Khoa Hà Nội,Kỹ thuật Điều khiển & TĐH (EE2),1,Hà Nội,ky_thuat,27.6,27.61,27.57,27.57,30000000,0.95,0.4,9.0,https://ts.hust.edu.vn/diem-chuan (2024)
UET_CN1,ĐH Công nghệ - ĐHQGHN,Công nghệ thông tin (CN1),1,Hà Nội,cntt,28.1,29.15,27.85,27.9,35000000,0.96,0.25,9.2,https://uet.vnu.edu.vn/diem-chuan (2024)
UET_CN8,ĐH Công nghệ - ĐHQGHN,Khoa học Máy tính (CN8),1,Hà Nội,cntt,27.9,28.5,27.25,27.5,35000000,0.96,0.25,9.0,https://uet.vnu.edu.vn/diem-chuan (2024)
NEU_KDQT,ĐH Kinh tế Quốc dân,Kinh doanh Quốc tế,1,Hà Nội,kinh_te,28.25,28.0,27.75,28.02,25000000,0.94,0.6,9.4,https://neu.edu.vn/diem-chuan (2024)
NEU_MKT,ĐH Kinh tế Quốc dân,Marketing,1,Hà Nội,kinh_te,28.15,28.0,27.55,28.18,25000000,0.95,0.7,9.3,https://neu.edu.vn/diem-chuan (2024)
NEU_TMDT,ĐH Kinh tế Quốc dân,Thương mại Điện tử,1,Hà Nội,kinh_te,28.1,28.1,27.65,28.02,25000000,0.96,0.5,9.1,https://neu.edu.vn/diem-chuan (2024)
FTU_KTDN,ĐH Ngoại thương,Kinh tế đối ngoại,1,Hà Nội,kinh_te,28.8,28.4,28.3,28.1,25000000,0.97,0.6,9.6,https://ftu.edu.vn/diem-chuan (2024)
FTU_QTSKD,ĐH Ngoại thương,Quản trị kinh doanh,1,Hà Nội,kinh_te,28.5,28.2,27.9,27.8,25000000,0.96,0.6,9.4,https://ftu.edu.vn/diem-chuan (2024)
HCMUT_CS,ĐH Bách Khoa TP.HCM,Khoa học Máy tính,1,TP.HCM,cntt,28.0,28.0,28.1,28.3,30000000,0.98,0.2,9.5,https://hcmut.edu.vn/diem-chuan (2024)
PTIT_CNTT,HV Bưu chính Viễn thông,Công nghệ thông tin,2,Hà Nội,cntt,26.9,27.25,26.59,26.53,25000000,0.93,0.3,8.0,https://ptit.edu.vn/diem-chuan (2024)
PTIT_KTM,HV Bưu chính Viễn thông,Kỹ thuật Điện tử Viễn thông,2,Hà Nội,ky_thuat,25.8,25.6,25.68,25.59,25000000,0.9,0.4,7.8,https://ptit.edu.vn/diem-chuan (2024)
HAUI_CNTT,ĐH Công nghiệp Hà Nội,Công nghệ thông tin,3,Hà Nội,cntt,26.05,26.15,25.19,25.32,22000000,0.88,0.3,7.0,https://haui.edu.vn/diem-chuan (2024)
HAUI_CK,ĐH Công nghiệp Hà Nội,Công nghệ KT Cơ khí,3,Hà Nội,ky_thuat,24.5,24.3,23.97,23.85,22000000,0.85,0.5,6.8,https://haui.edu.vn/diem-chuan (2024)
TMU_MKT,Đại học Thương mại,Marketing (MKT),2,Hà Nội,kinh_te,27.45,27.0,27.0,27.1,23000000,0.92,0.7,7.8,https://tmu.edu.vn/diem-chuan (2024)
TMU_KT,Đại học Thương mại,Kế toán,2,Hà Nội,kinh_te,26.9,26.2,25.9,25.8,23000000,0.9,0.8,7.5,https://tmu.edu.vn/diem-chuan (2024)
